source_id,r_est,r_lo,r_hi,r_len,result_flag,modality_flag
148080473682357376,75.1702629624071,74.9695484897805,75.3720358649995,622.11087506779,1,1
